user_id,signup_date,last_active_date,session_count,page_views,conversion_flag,ab_group,channel_source,device_type
USR-50001,2025-10-12,2026-01-12,16,120,1,B,Email,Desktop
USR-50002,2025-10-22,2025-10-25,10,40,0,A,Social,Desktop
USR-50003,2025-07-18,2025-10-06,4,31,0,B,Organic Search,Mobile
USR-50004,2025-12-21,2025-12-31,8,39,0,B,Paid Search,Desktop
USR-50005,2025-11-07,2026-01-07,10,56,0,A,Organic Search,Desktop
USR-50006,2025-12-25,2025-12-29,3,14,0,A,Social,Desktop
USR-50007,2025-10-26,2025-11-12,13,99,1,A,Direct,Tablet
USR-50008,2025-09-18,2026-01-14,8,53,0,A,Paid Search,Tablet
USR-50009,2025-11-23,2025-11-25,4,10,0,B,Paid Search,Tablet
USR-50010,2025-11-04,2025-12-22,5,31,0,A,Organic Search,Tablet
USR-50011,2025-07-04,2025-09-27,4,28,0,A,Email,Desktop
USR-50012,2025-08-06,2025-09-19,10,64,0,B,Paid Search,Mobile
USR-50013,2025-11-19,2025-12-31,12,61,0,A,Paid Search,Desktop
USR-50014,2025-11-25,2025-11-29,5,25,0,B,Email,Desktop
USR-50015,2025-07-25,2025-08-03,6,26,0,A,Social,Desktop
USR-50016,2025-07-19,2025-10-20,9,56,0,A,Organic Search,Mobile
USR-50017,2025-07-24,2025-11-14,3,9,0,A,Organic Search,Mobile
USR-50018,2025-10-18,2025-12-08,4,9,0,B,Social,Mobile
USR-50019,2025-09-01,2025-09-21,21,109,0,A,Organic Search,Tablet
USR-50020,2025-09-26,2025-10-07,10,46,0,A,Email,Desktop
USR-50021,2025-12-25,2026-01-13,7,17,0,A,Organic Search,Mobile
USR-50022,2025-11-06,2026-01-10,1,4,0,A,Social,Desktop
USR-50023,2025-09-29,2025-12-25,33,110,1,A,Email,Mobile
USR-50024,2025-09-02,2025-10-15,11,64,1,B,Organic Search,Desktop
USR-50025,2025-12-03,2026-01-01,6,28,0,B,Organic Search,Desktop
USR-50026,2025-07-12,2025-09-12,4,22,0,A,Organic Search,Mobile
USR-50027,2025-10-11,2025-10-27,12,43,1,B,Organic Search,Mobile
USR-50028,2025-09-25,2025-12-15,10,33,1,A,Email,Mobile
USR-50029,2025-11-06,2025-11-23,7,50,0,A,Paid Search,Mobile
USR-50030,2025-09-30,2026-01-13,32,114,1,A,Organic Search,Desktop
USR-50031,2025-12-19,2026-01-03,7,41,0,B,Organic Search,Tablet
USR-50032,2025-07-11,2025-10-27,18,119,1,A,Direct,Desktop
USR-50033,2025-08-13,2025-11-10,5,30,1,B,Paid Search,Mobile
USR-50034,2025-10-01,2025-12-30,7,39,0,B,Organic Search,Mobile
USR-50035,2025-11-25,2025-12-12,1,15,1,A,Paid Search,Desktop
USR-50036,2025-10-09,2026-01-02,5,46,1,B,Email,Mobile
USR-50037,2025-09-09,2025-12-31,14,83,1,B,Organic Search,Mobile
USR-50038,2025-07-19,2025-09-29,2,4,0,A,Direct,Mobile
USR-50039,2025-08-11,2025-11-01,10,55,0,A,Social,Mobile
USR-50040,2025-08-29,2025-12-17,4,27,0,B,Social,Mobile
USR-50041,2025-07-25,2025-07-29,5,29,0,A,Paid Search,Desktop
USR-50042,2025-09-13,2025-09-17,6,31,0,A,Paid Search,Mobile
USR-50043,2025-07-29,2025-09-20,7,39,1,B,Social,Mobile
USR-50044,2025-12-13,2025-12-23,5,24,0,A,Social,Mobile
USR-50045,2025-12-25,2025-12-27,13,97,0,B,Email,Tablet
USR-50046,2025-12-14,2025-12-31,2,8,0,A,Organic Search,Mobile
USR-50047,2025-08-28,2025-10-03,11,39,0,A,Organic Search,Mobile
USR-50048,2025-10-04,2025-11-08,8,22,0,A,Paid Search,Desktop
USR-50049,2025-10-21,2025-11-18,4,37,0,A,Email,Mobile
USR-50050,2025-09-12,2025-10-07,5,14,0,A,Paid Search,Mobile
USR-50051,2025-10-24,2025-11-04,3,18,0,B,Paid Search,Desktop
USR-50052,2025-10-29,2026-01-02,5,23,0,A,Social,Desktop
USR-50053,2025-08-21,2025-11-20,3,16,0,B,Organic Search,Tablet
USR-50054,2025-10-11,2025-10-21,9,38,0,A,Organic Search,Desktop
USR-50055,2025-12-08,2025-12-29,8,70,0,B,Paid Search,Desktop
USR-50056,2025-10-28,2025-12-15,10,72,0,B,Referral,Desktop
USR-50057,2025-12-14,2026-01-03,6,32,1,A,Referral,Mobile
USR-50058,2025-10-11,2025-12-18,2,13,0,A,Direct,Desktop
USR-50059,2025-07-06,2025-10-24,3,30,1,A,Organic Search,Desktop
USR-50060,2025-07-25,2025-09-25,8,40,1,B,Organic Search,Mobile
USR-50061,2025-09-18,2025-11-01,4,18,0,A,Organic Search,Mobile
USR-50062,2025-11-04,2025-11-08,22,146,1,A,Email,Mobile
USR-50063,2025-09-18,2025-09-26,15,58,0,A,Organic Search,Tablet
USR-50064,2025-08-24,2025-11-29,4,16,0,B,Paid Search,Mobile
USR-50065,2025-09-19,2025-10-13,4,15,0,A,Social,Desktop
USR-50066,2025-11-29,2025-12-20,5,29,1,A,Organic Search,Mobile
USR-50067,2025-08-28,2025-12-21,2,19,0,A,Paid Search,Desktop
USR-50068,2025-09-15,2025-12-08,2,2,0,A,Referral,Mobile
USR-50069,2025-09-26,2025-10-16,9,55,0,A,Paid Search,Mobile
USR-50070,2025-09-18,2025-11-29,4,22,0,A,Referral,Desktop
USR-50071,2025-09-10,2025-11-12,11,27,0,B,Paid Search,Tablet
USR-50072,2025-07-28,2025-08-30,10,81,1,B,Referral,Mobile
USR-50073,2025-11-13,2025-12-27,8,43,0,B,Organic Search,Desktop
USR-50074,2025-08-11,2025-11-23,11,91,0,A,Organic Search,Desktop
USR-50075,2025-12-17,2025-12-19,5,26,0,B,Paid Search,Desktop
USR-50076,2025-10-13,2025-11-30,13,77,0,A,Referral,Desktop
USR-50077,2025-07-29,2025-08-13,5,28,0,A,Direct,Desktop
USR-50078,2025-12-27,2026-01-10,8,50,1,B,Direct,Desktop
USR-50079,2025-10-11,2025-10-24,5,13,0,B,Paid Search,Desktop
USR-50080,2025-10-08,2025-11-09,2,11,1,B,Social,Mobile
USR-50081,2025-11-24,2025-12-10,7,62,1,A,Organic Search,Mobile
USR-50082,2025-09-21,2025-11-10,7,28,1,B,Referral,Desktop
USR-50083,2025-08-13,2025-11-02,3,25,1,A,Paid Search,Desktop
USR-50084,2025-10-01,2025-12-28,2,12,0,A,Referral,Desktop
USR-50085,2025-11-22,2025-12-30,6,21,0,B,Organic Search,Desktop
USR-50086,2025-12-26,2026-01-08,4,19,0,A,Direct,Tablet
USR-50087,2025-10-07,2026-01-05,10,67,0,B,Email,Desktop
USR-50088,2025-11-09,2025-12-05,2,22,0,A,Email,Mobile
USR-50089,2025-11-08,2025-12-08,10,31,0,B,Direct,Mobile
USR-50090,2025-10-04,2025-12-29,3,15,0,A,Paid Search,Tablet
USR-50091,2025-07-28,2025-09-10,8,56,0,A,Paid Search,Mobile
USR-50092,2025-12-04,2025-12-13,11,81,1,B,Referral,Mobile
USR-50093,2025-08-26,2025-10-14,21,92,1,B,Organic Search,Mobile
USR-50094,2025-07-28,2025-08-27,7,49,1,A,Email,Desktop
USR-50095,2025-11-15,2025-11-29,8,36,0,B,Email,Tablet
USR-50096,2025-09-18,2025-12-27,3,9,1,A,Social,Mobile
USR-50097,2025-09-15,2025-11-13,8,46,1,A,Email,Desktop
USR-50098,2025-07-03,2025-08-15,9,64,0,B,Paid Search,Mobile
USR-50099,2025-07-30,2025-08-16,6,17,0,A,Social,Mobile
USR-50100,2025-07-22,2025-07-29,6,17,0,A,Organic Search,Desktop
USR-50101,2025-10-11,2025-12-08,10,69,0,A,Referral,Mobile
USR-50102,2025-08-18,2025-11-16,5,20,0,B,Paid Search,Mobile
USR-50103,2025-10-23,2025-12-22,7,18,1,A,Referral,Desktop
USR-50104,2025-10-21,2025-12-07,4,14,0,B,Paid Search,Desktop
USR-50105,2025-10-31,2025-12-27,3,28,0,B,Referral,Desktop
USR-50106,2025-07-03,2025-09-23,3,23,0,A,Paid Search,Mobile
USR-50107,2025-09-28,2026-01-11,15,40,0,A,Referral,Desktop
USR-50108,2025-11-26,2026-01-03,6,20,1,B,Email,Desktop
USR-50109,2025-12-27,2025-12-31,18,69,1,B,Paid Search,Mobile
USR-50110,2025-11-19,2026-01-13,5,24,0,A,Organic Search,Mobile
USR-50111,2025-12-22,2025-12-31,3,5,1,A,Referral,Desktop
USR-50112,2025-08-28,2025-10-10,5,23,0,B,Paid Search,Desktop
USR-50113,2025-08-31,2025-11-29,11,71,1,A,Email,Desktop
USR-50114,2025-11-25,2025-12-04,5,25,0,B,Paid Search,Desktop
USR-50115,2025-10-12,2025-11-12,5,36,1,A,Direct,Desktop
USR-50116,2025-10-16,2025-11-16,1,12,0,A,Social,Desktop
USR-50117,2025-10-29,2025-11-18,6,36,0,A,Social,Mobile
USR-50118,2025-11-27,2025-12-09,13,65,0,A,Email,Desktop
USR-50119,2025-09-07,2025-12-09,5,40,1,B,Social,Desktop
USR-50120,2025-11-25,2025-12-15,5,18,0,A,Referral,Mobile
USR-50121,2025-07-17,2025-07-30,3,12,1,B,Organic Search,Mobile
USR-50122,2025-08-18,2025-11-02,5,14,0,A,Organic Search,Mobile
USR-50123,2025-10-04,2025-12-19,16,124,0,A,Paid Search,Desktop
USR-50124,2025-09-13,2025-11-08,1,1,0,B,Paid Search,Mobile
USR-50125,2025-08-28,2025-10-04,5,37,0,A,Referral,Tablet
USR-50126,2025-12-06,2025-12-15,1,7,0,A,Social,Mobile
USR-50127,2025-11-04,2025-12-11,2,12,0,A,Social,Mobile
USR-50128,2025-12-14,2025-12-24,11,41,0,A,Organic Search,Desktop
USR-50129,2025-08-06,2025-09-29,3,24,0,A,Direct,Desktop
USR-50130,2025-08-19,2025-09-04,23,143,0,A,Email,Desktop
USR-50131,2025-08-28,2025-10-31,8,39,0,B,Organic Search,Tablet
USR-50132,2025-08-01,2025-10-01,8,54,0,B,Referral,Desktop
USR-50133,2025-08-15,2025-12-05,7,55,0,A,Direct,Mobile
USR-50134,2025-09-08,2025-11-25,10,70,0,B,Referral,Mobile
USR-50135,2025-09-26,2025-11-16,8,29,1,B,Organic Search,Tablet
USR-50136,2025-11-10,2025-12-14,2,18,0,A,Paid Search,Desktop
USR-50137,2025-09-25,2025-09-25,12,78,1,A,Email,Mobile
USR-50138,2025-11-17,2025-12-04,2,2,0,A,Direct,Desktop
USR-50139,2025-10-05,2025-10-21,6,37,0,A,Organic Search,Mobile
USR-50140,2025-09-09,2025-12-29,5,38,0,A,Paid Search,Mobile
USR-50141,2025-10-28,2025-12-19,9,37,0,A,Paid Search,Tablet
USR-50142,2025-07-09,2025-11-01,3,29,0,B,Paid Search,Mobile
USR-50143,2025-11-06,2025-12-09,6,21,0,B,Social,Desktop
USR-50144,2025-10-12,2025-12-20,6,38,0,A,Direct,Desktop
USR-50145,2025-09-27,2025-10-09,2,12,0,A,Social,Desktop
USR-50146,2025-10-17,2025-12-02,3,11,0,B,Social,Mobile
USR-50147,2025-11-29,2025-12-29,5,33,0,B,Organic Search,Mobile
USR-50148,2025-07-26,2025-08-26,5,23,0,A,Social,Desktop
USR-50149,2025-08-19,2025-10-30,13,44,1,B,Direct,Mobile
USR-50150,2025-08-02,2025-11-09,6,16,1,A,Referral,Mobile
USR-50151,2025-10-26,2026-01-07,8,43,1,B,Email,Mobile
USR-50152,2025-08-29,2025-09-25,5,35,0,A,Organic Search,Desktop
USR-50153,2025-11-27,2025-12-20,10,79,0,B,Paid Search,Tablet
USR-50154,2025-10-31,2025-11-13,5,22,1,B,Paid Search,Tablet
USR-50155,2025-11-27,2026-01-14,12,77,1,B,Email,Mobile
USR-50156,2025-08-23,2025-12-17,16,72,0,A,Paid Search,Desktop
USR-50157,2025-07-15,2025-10-18,18,112,1,A,Email,Mobile
USR-50158,2025-10-04,2025-11-27,3,28,0,A,Organic Search,Mobile
USR-50159,2025-11-17,2025-11-26,10,49,1,B,Organic Search,Mobile
USR-50160,2025-12-17,2026-01-12,7,25,0,B,Referral,Mobile
USR-50161,2025-10-14,2026-01-05,5,30,0,A,Direct,Mobile
USR-50162,2025-09-19,2025-09-22,9,61,1,A,Email,Mobile
USR-50163,2025-07-28,2025-10-30,6,36,0,B,Email,Tablet
USR-50164,2025-07-13,2025-10-31,8,62,1,A,Direct,Desktop
USR-50165,2025-12-09,2025-12-25,3,9,1,A,Referral,Desktop
USR-50166,2025-10-12,2025-11-03,2,22,0,A,Referral,Desktop
USR-50167,2025-10-19,2026-01-15,14,44,0,A,Referral,Mobile
USR-50168,2025-09-19,2025-09-27,7,48,0,A,Email,Mobile
USR-50169,2025-10-06,2025-12-01,10,32,0,B,Organic Search,Desktop
USR-50170,2025-12-13,2025-12-28,37,248,1,B,Email,Desktop
USR-50171,2025-08-20,2025-11-07,5,34,0,A,Email,Mobile
USR-50172,2025-07-29,2025-08-18,1,2,1,B,Paid Search,Mobile
USR-50173,2025-09-30,2025-12-18,6,29,0,B,Referral,Desktop
USR-50174,2025-12-16,2025-12-20,8,41,0,B,Social,Mobile
USR-50175,2025-12-13,2025-12-26,5,26,0,B,Direct,Desktop
USR-50176,2025-11-25,2025-12-29,14,76,0,B,Paid Search,Desktop
USR-50177,2025-11-26,2026-01-02,1,1,0,A,Referral,Mobile
USR-50178,2025-10-09,2025-11-12,8,58,1,A,Email,Desktop
USR-50179,2025-09-10,2025-09-16,5,28,0,A,Direct,Desktop
USR-50180,2025-07-22,2025-09-17,9,35,0,A,Referral,Desktop
USR-50181,2025-09-28,2025-11-26,6,27,1,A,Email,Mobile
USR-50182,2025-12-25,2026-01-03,28,197,1,A,Paid Search,Mobile
USR-50183,2025-08-27,2025-10-08,4,11,0,A,Organic Search,Tablet
USR-50184,2025-08-17,2025-09-15,17,80,1,B,Email,Desktop
USR-50185,2025-12-20,2026-01-15,4,14,0,A,Paid Search,Desktop
USR-50186,2025-11-23,2025-12-02,3,15,0,B,Direct,Tablet
USR-50187,2025-09-03,2025-12-01,6,32,0,B,Direct,Desktop
USR-50188,2025-08-04,2025-09-28,8,37,0,A,Referral,Desktop
USR-50189,2025-09-20,2025-09-21,13,35,0,A,Referral,Desktop
USR-50190,2025-10-16,2025-12-23,13,100,1,B,Social,Mobile
USR-50191,2025-07-16,2025-10-25,5,11,0,B,Paid Search,Desktop
USR-50192,2025-12-11,2026-01-01,8,37,0,B,Direct,Mobile
USR-50193,2025-12-03,2025-12-12,3,16,0,B,Paid Search,Tablet
USR-50194,2025-10-29,2025-10-30,9,38,0,A,Email,Mobile
USR-50195,2025-10-08,2025-12-02,4,21,1,B,Paid Search,Mobile
USR-50196,2025-07-14,2025-10-20,6,37,0,B,Referral,Mobile
USR-50197,2025-11-05,2025-12-29,9,70,0,A,Social,Desktop
USR-50198,2025-07-06,2025-09-19,8,56,0,A,Referral,Desktop
USR-50199,2025-07-15,2025-07-22,11,82,0,B,Email,Mobile
USR-50200,2025-09-24,2025-11-02,6,36,0,A,Paid Search,Mobile
USR-50201,2025-09-16,2026-01-14,4,28,0,B,Social,Desktop
USR-50202,2025-07-30,2025-11-17,10,62,0,A,Email,Mobile
USR-50203,2025-12-15,2026-01-07,8,41,1,B,Referral,Mobile
USR-50204,2025-11-21,2025-12-27,8,34,0,B,Social,Mobile
USR-50205,2025-10-28,2025-11-15,8,51,1,A,Referral,Tablet
USR-50206,2025-09-13,2025-09-20,5,32,1,A,Paid Search,Desktop
USR-50207,2025-08-12,2025-08-23,7,15,0,A,Paid Search,Mobile
USR-50208,2025-11-14,2025-11-29,8,56,0,A,Referral,Desktop
USR-50209,2025-10-16,2025-11-03,3,19,0,B,Paid Search,Mobile
USR-50210,2025-08-25,2025-10-06,9,36,0,B,Referral,Mobile
USR-50211,2025-07-01,2025-09-20,7,37,0,A,Referral,Mobile
USR-50212,2025-12-26,2026-01-02,12,64,0,A,Organic Search,Mobile
USR-50213,2025-07-18,2025-09-17,3,16,0,A,Social,Tablet
USR-50214,2025-07-04,2025-11-01,1,11,1,B,Paid Search,Desktop
USR-50215,2025-12-12,2026-01-09,6,40,0,B,Organic Search,Mobile
USR-50216,2025-12-06,2025-12-19,8,35,0,B,Social,Mobile
USR-50217,2025-08-06,2025-11-15,29,106,0,A,Paid Search,Mobile
USR-50218,2025-09-24,2025-09-30,11,50,1,A,Organic Search,Desktop
USR-50219,2025-07-19,2025-07-23,9,33,0,A,Social,Desktop
USR-50220,2025-11-07,2025-12-30,4,13,0,A,Social,Desktop
USR-50221,2025-07-22,2025-08-17,14,76,0,A,Email,Tablet
USR-50222,2025-07-25,2025-09-15,16,115,0,B,Direct,Desktop
USR-50223,2025-07-04,2025-07-23,3,12,0,B,Organic Search,Mobile
USR-50224,2025-10-19,2025-11-26,6,19,0,B,Organic Search,Mobile
USR-50225,2025-09-27,2025-11-10,2,19,0,B,Direct,Mobile
USR-50226,2025-12-12,2025-12-29,7,36,0,B,Email,Mobile
USR-50227,2025-12-12,2026-01-07,3,12,0,A,Organic Search,Desktop
USR-50228,2025-09-26,2025-12-16,13,94,0,B,Organic Search,Mobile
USR-50229,2025-07-24,2025-08-10,4,20,0,A,Direct,Tablet
USR-50230,2025-10-20,2025-11-24,23,150,0,A,Social,Desktop
USR-50231,2025-08-19,2025-09-30,7,34,0,B,Email,Desktop
USR-50232,2025-08-12,2025-10-15,7,35,0,B,Organic Search,Desktop
USR-50233,2025-10-30,2025-12-20,9,50,0,A,Email,Mobile
USR-50234,2025-08-13,2025-08-17,4,25,0,B,Referral,Tablet
USR-50235,2025-11-29,2025-12-01,2,2,0,B,Paid Search,Desktop
USR-50236,2025-10-11,2025-11-18,5,33,0,B,Paid Search,Desktop
USR-50237,2025-10-29,2025-11-24,14,55,1,A,Paid Search,Desktop
USR-50238,2025-12-09,2026-01-12,7,27,0,A,Direct,Mobile
USR-50239,2025-08-04,2025-12-02,9,52,1,B,Social,Desktop
USR-50240,2025-10-12,2025-12-03,8,59,0,B,Direct,Mobile
USR-50241,2025-07-05,2025-10-10,6,23,0,A,Organic Search,Desktop
USR-50242,2025-10-28,2025-11-21,3,14,0,B,Social,Desktop
USR-50243,2025-12-24,2025-12-25,2,11,0,B,Social,Mobile
USR-50244,2025-09-27,2026-01-12,2,8,1,B,Organic Search,Desktop
USR-50245,2025-09-09,2025-11-22,12,73,0,B,Email,Mobile
USR-50246,2025-12-11,2026-01-11,6,32,0,B,Paid Search,Tablet
USR-50247,2025-11-01,2025-12-29,10,43,0,A,Email,Desktop
USR-50248,2025-10-07,2025-12-19,2,12,0,B,Paid Search,Desktop
USR-50249,2025-08-01,2025-11-10,2,8,0,B,Organic Search,Mobile
USR-50250,2025-12-16,2025-12-21,7,37,0,A,Paid Search,Desktop
USR-50251,2025-12-06,2025-12-18,9,52,0,B,Referral,Mobile
USR-50252,2025-07-04,2025-08-04,9,57,0,B,Paid Search,Mobile
USR-50253,2025-09-08,2025-09-17,7,28,0,A,Organic Search,Mobile
USR-50254,2025-11-30,2026-01-15,10,53,0,B,Referral,Tablet
USR-50255,2025-09-29,2025-10-17,3,14,0,B,Social,Mobile
USR-50256,2025-11-04,2025-12-07,4,37,0,B,Email,Mobile
USR-50257,2025-10-17,2025-12-13,4,10,0,B,Referral,Mobile
USR-50258,2025-11-04,2025-12-26,7,48,0,A,Paid Search,Mobile
USR-50259,2025-07-11,2025-09-17,12,60,0,A,Email,Mobile
USR-50260,2025-08-04,2025-11-06,12,66,0,B,Referral,Desktop
USR-50261,2025-09-22,2025-11-08,4,22,0,B,Organic Search,Desktop
USR-50262,2025-07-27,2025-10-10,12,82,0,A,Email,Desktop
USR-50263,2025-12-25,2025-12-27,3,9,1,B,Referral,Mobile
USR-50264,2025-12-13,2025-12-24,10,57,1,B,Email,Mobile
USR-50265,2025-11-15,2025-11-26,5,27,0,A,Social,Mobile
USR-50266,2025-07-16,2025-09-26,9,37,0,A,Social,Mobile
USR-50267,2025-07-11,2025-07-14,6,51,0,A,Social,Desktop
USR-50268,2025-09-20,2025-09-23,5,30,0,A,Organic Search,Mobile
USR-50269,2025-08-15,2025-10-24,24,110,1,B,Social,Tablet
USR-50270,2025-09-16,2026-01-07,3,16,0,A,Organic Search,Desktop
USR-50271,2025-09-18,2025-11-20,7,44,0,B,Referral,Desktop
USR-50272,2025-07-05,2025-08-01,3,11,0,B,Paid Search,Desktop
USR-50273,2025-09-25,2025-10-20,7,28,0,A,Social,Desktop
USR-50274,2025-12-18,2026-01-11,4,36,0,A,Paid Search,Desktop
USR-50275,2025-11-30,2025-12-05,11,52,0,A,Organic Search,Desktop
USR-50276,2025-10-07,2025-11-01,5,15,0,A,Paid Search,Desktop
USR-50277,2025-11-22,2025-11-25,15,59,1,A,Organic Search,Desktop
USR-50278,2025-08-07,2025-09-19,20,75,0,A,Referral,Desktop
USR-50279,2025-12-18,2026-01-01,7,51,0,A,Social,Mobile
USR-50280,2025-12-07,2026-01-02,1,1,0,A,Social,Mobile
USR-50281,2025-11-20,2025-12-30,6,35,0,A,Social,Mobile
USR-50282,2025-09-04,2025-11-29,9,37,0,B,Organic Search,Mobile
USR-50283,2025-07-20,2025-07-27,10,75,0,A,Social,Desktop
USR-50284,2025-12-15,2026-01-02,6,35,1,B,Email,Tablet
USR-50285,2025-10-21,2025-11-10,3,21,0,A,Organic Search,Mobile
USR-50286,2025-09-28,2025-10-20,11,35,0,A,Social,Desktop
USR-50287,2025-12-27,2025-12-31,2,9,0,A,Direct,Desktop
USR-50288,2025-10-20,2025-11-05,6,37,0,A,Paid Search,Mobile
USR-50289,2025-12-19,2026-01-14,17,53,1,B,Organic Search,Desktop
USR-50290,2025-10-19,2025-12-25,5,16,0,B,Referral,Mobile
USR-50291,2025-10-07,2025-10-15,9,41,0,B,Email,Desktop
USR-50292,2025-10-31,2025-12-26,8,19,0,A,Social,Mobile
USR-50293,2025-09-06,2025-09-07,7,51,0,A,Organic Search,Desktop
USR-50294,2025-08-12,2025-12-10,9,29,0,B,Paid Search,Mobile
USR-50295,2025-11-09,2025-11-17,5,30,0,B,Organic Search,Desktop
USR-50296,2025-08-03,2025-10-31,10,55,0,A,Paid Search,Desktop
USR-50297,2025-08-03,2025-11-09,5,27,0,B,Referral,Mobile
USR-50298,2025-11-11,2025-12-29,12,78,1,B,Organic Search,Desktop
USR-50299,2025-08-24,2025-11-28,10,70,0,B,Email,Mobile
USR-50300,2025-08-07,2025-11-01,8,42,0,A,Organic Search,Desktop
USR-50301,2025-09-03,2025-11-14,13,96,1,B,Organic Search,Mobile
USR-50302,2025-07-16,2025-08-02,4,26,0,A,Paid Search,Mobile
USR-50303,2025-12-23,2026-01-13,25,106,1,A,Email,Tablet
USR-50304,2025-12-04,2025-12-14,8,33,1,A,Paid Search,Mobile
USR-50305,2025-12-09,2026-01-14,3,23,0,B,Paid Search,Desktop
USR-50306,2025-08-18,2025-10-29,5,26,0,A,Paid Search,Mobile
USR-50307,2025-08-31,2025-10-04,3,18,0,B,Email,Mobile
USR-50308,2025-08-12,2025-09-05,7,40,1,A,Organic Search,Tablet
USR-50309,2025-07-14,2025-08-02,4,23,0,A,Paid Search,Desktop
USR-50310,2025-11-23,2026-01-01,9,25,0,B,Email,Desktop
USR-50311,2025-07-10,2025-08-28,19,67,1,B,Organic Search,Desktop
USR-50312,2025-12-09,2025-12-26,19,122,0,A,Email,Mobile
USR-50313,2025-10-10,2025-12-10,6,20,0,A,Direct,Mobile
USR-50314,2025-08-08,2025-10-14,5,14,1,B,Social,Desktop
USR-50315,2025-08-02,2025-10-05,2,6,0,A,Social,Tablet
USR-50316,2025-07-12,2025-10-11,5,30,1,A,Referral,Desktop
USR-50317,2025-12-24,2025-12-24,8,50,0,B,Social,Mobile
USR-50318,2025-10-11,2025-12-26,4,21,0,A,Social,Mobile
USR-50319,2025-10-14,2025-11-30,2,22,0,A,Paid Search,Desktop
USR-50320,2025-09-14,2025-11-26,1,2,0,A,Social,Mobile
USR-50321,2025-12-07,2025-12-07,8,49,0,A,Referral,Desktop
USR-50322,2025-10-01,2025-10-18,14,76,1,A,Email,Mobile
USR-50323,2025-10-31,2026-01-13,6,18,0,A,Email,Desktop
USR-50324,2025-08-12,2025-11-12,6,27,0,B,Organic Search,Mobile
USR-50325,2025-10-18,2025-11-25,9,32,0,A,Organic Search,Desktop
USR-50326,2025-11-07,2025-11-16,5,10,0,A,Paid Search,Mobile
USR-50327,2025-11-21,2026-01-06,6,27,1,A,Direct,Desktop
USR-50328,2025-10-10,2025-11-15,5,30,1,A,Organic Search,Mobile
USR-50329,2025-10-30,2025-12-07,7,30,0,B,Organic Search,Desktop
USR-50330,2025-07-17,2025-10-14,9,60,1,B,Referral,Mobile
USR-50331,2025-07-11,2025-10-11,7,28,1,A,Organic Search,Tablet
USR-50332,2025-08-29,2025-12-08,2,17,0,B,Referral,Mobile
USR-50333,2025-07-25,2025-10-10,4,22,1,A,Organic Search,Desktop
USR-50334,2025-08-23,2025-12-04,6,19,0,A,Direct,Desktop
USR-50335,2025-07-13,2025-08-12,7,23,0,B,Direct,Desktop
USR-50336,2025-12-02,2025-12-14,4,23,0,A,Organic Search,Tablet
USR-50337,2025-09-14,2025-11-16,4,20,1,B,Referral,Tablet
USR-50338,2025-07-14,2025-07-25,4,25,0,A,Direct,Mobile
USR-50339,2025-08-06,2025-08-08,3,15,0,B,Paid Search,Desktop
USR-50340,2025-07-20,2025-09-24,14,87,0,A,Referral,Mobile
USR-50341,2025-08-23,2025-12-06,5,35,0,B,Organic Search,Desktop
USR-50342,2025-07-07,2025-10-01,3,14,1,A,Social,Desktop
USR-50343,2025-08-31,2025-11-11,29,145,0,A,Social,Tablet
USR-50344,2025-11-06,2025-12-12,13,52,1,B,Organic Search,Desktop
USR-50345,2025-10-11,2025-11-06,10,44,0,A,Social,Tablet
USR-50346,2025-10-24,2025-12-26,7,27,0,B,Paid Search,Desktop
USR-50347,2025-11-02,2026-01-01,19,135,1,A,Paid Search,Mobile
USR-50348,2025-07-31,2025-09-01,4,21,0,B,Social,Mobile
USR-50349,2025-08-06,2025-08-08,6,29,1,A,Paid Search,Desktop
USR-50350,2025-08-18,2025-12-02,27,77,0,A,Email,Desktop
USR-50351,2025-10-14,2025-11-19,21,133,1,A,Email,Mobile
USR-50352,2025-10-17,2026-01-03,8,27,0,B,Paid Search,Mobile
USR-50353,2025-12-17,2026-01-06,9,39,1,A,Paid Search,Desktop
USR-50354,2025-12-07,2025-12-10,29,154,1,A,Email,Desktop
USR-50355,2025-12-01,2025-12-01,15,111,1,B,Organic Search,Mobile
USR-50356,2025-12-01,2025-12-10,10,53,0,B,Direct,Mobile
USR-50357,2025-10-21,2025-11-02,7,38,0,B,Direct,Mobile
USR-50358,2025-12-15,2025-12-20,6,32,0,A,Organic Search,Mobile
USR-50359,2025-07-13,2025-08-06,3,18,0,A,Organic Search,Desktop
USR-50360,2025-07-21,2025-11-11,17,136,0,A,Organic Search,Desktop
USR-50361,2025-08-05,2025-11-17,16,120,1,B,Referral,Desktop
USR-50362,2025-08-01,2025-10-10,6,22,0,A,Paid Search,Mobile
USR-50363,2025-12-18,2026-01-09,4,23,1,A,Email,Desktop
USR-50364,2025-07-22,2025-11-03,1,13,0,A,Direct,Desktop
USR-50365,2025-10-12,2025-10-29,6,48,0,B,Referral,Mobile
USR-50366,2025-07-19,2025-08-01,4,19,0,B,Paid Search,Mobile
USR-50367,2025-08-10,2025-09-19,5,25,1,B,Social,Mobile
USR-50368,2025-12-16,2025-12-18,6,14,0,B,Organic Search,Desktop
USR-50369,2025-09-18,2025-09-21,4,28,0,A,Email,Mobile
USR-50370,2025-07-28,2025-11-22,2,19,1,A,Paid Search,Desktop
USR-50371,2025-10-02,2025-11-23,11,65,0,A,Email,Mobile
USR-50372,2025-11-29,2025-12-18,10,59,0,A,Social,Mobile
USR-50373,2025-07-10,2025-07-23,9,62,0,B,Social,Mobile
USR-50374,2025-08-30,2025-09-03,4,22,0,B,Organic Search,Mobile
USR-50375,2025-09-08,2025-12-29,7,47,0,A,Organic Search,Tablet
USR-50376,2025-07-08,2025-07-25,4,22,0,A,Email,Desktop
USR-50377,2025-12-08,2025-12-21,4,16,0,A,Referral,Desktop
USR-50378,2025-07-13,2025-07-28,4,33,0,B,Email,Desktop
USR-50379,2025-08-13,2025-11-10,7,42,0,A,Email,Mobile
USR-50380,2025-11-21,2025-12-19,6,51,0,A,Paid Search,Desktop
USR-50381,2025-09-06,2025-09-15,5,38,0,B,Direct,Desktop
USR-50382,2025-10-30,2025-12-10,4,29,1,B,Organic Search,Tablet
USR-50383,2025-11-24,2026-01-01,7,34,0,A,Email,Desktop
USR-50384,2025-12-19,2026-01-09,7,53,0,A,Organic Search,Mobile
USR-50385,2025-07-18,2025-09-26,1,5,1,B,Referral,Mobile
USR-50386,2025-09-18,2025-10-25,4,29,0,B,Paid Search,Mobile
USR-50387,2025-07-30,2025-09-27,5,30,0,B,Direct,Desktop
USR-50388,2025-09-19,2025-12-09,2,9,0,A,Organic Search,Mobile
USR-50389,2025-08-07,2025-11-17,8,28,0,B,Paid Search,Desktop
USR-50390,2025-10-15,2025-11-10,14,45,1,B,Organic Search,Desktop
USR-50391,2025-08-07,2025-08-24,8,29,0,B,Referral,Mobile
USR-50392,2025-11-28,2025-12-03,12,53,0,A,Email,Mobile
USR-50393,2025-07-25,2025-08-24,9,60,1,B,Referral,Desktop
USR-50394,2025-08-19,2025-10-27,19,137,0,B,Organic Search,Tablet
USR-50395,2025-12-06,2025-12-18,7,52,1,A,Referral,Mobile
USR-50396,2025-08-10,2025-09-24,2,12,1,B,Organic Search,Desktop
USR-50397,2025-09-22,2025-12-03,5,29,0,A,Organic Search,Desktop
USR-50398,2025-09-05,2025-11-17,9,56,0,A,Email,Desktop
USR-50399,2025-08-06,2025-10-27,6,21,0,A,Paid Search,Mobile
USR-50400,2025-12-22,2026-01-06,8,42,1,B,Referral,Desktop
USR-50401,2025-10-15,2025-12-03,3,11,0,A,Social,Desktop
USR-50402,2025-11-14,2026-01-09,15,53,0,B,Social,Desktop
USR-50403,2025-11-16,2026-01-05,4,23,0,B,Direct,Mobile
USR-50404,2025-08-12,2025-11-19,5,20,0,A,Paid Search,Desktop
USR-50405,2025-10-08,2025-12-30,3,9,0,A,Social,Mobile
USR-50406,2025-09-29,2026-01-13,4,28,0,A,Social,Mobile
USR-50407,2025-10-29,2025-11-29,8,49,0,A,Organic Search,Mobile
USR-50408,2025-09-30,2025-12-03,7,45,0,B,Organic Search,Tablet
USR-50409,2025-10-17,2025-11-04,6,40,0,B,Paid Search,Mobile
USR-50410,2025-07-28,2025-08-11,8,54,1,B,Paid Search,Desktop
USR-50411,2025-09-19,2026-01-07,23,130,1,B,Paid Search,Desktop
USR-50412,2025-10-28,2025-11-23,6,29,0,B,Organic Search,Mobile
USR-50413,2025-07-22,2025-11-14,8,47,0,B,Email,Desktop
USR-50414,2025-11-20,2025-12-23,10,46,1,B,Email,Desktop
USR-50415,2025-08-27,2025-09-26,5,42,0,A,Referral,Mobile
USR-50416,2025-09-17,2025-10-12,7,29,1,B,Referral,Desktop
USR-50417,2025-12-03,2025-12-14,5,7,0,A,Direct,Desktop
USR-50418,2025-11-20,2026-01-12,22,146,0,B,Organic Search,Mobile
USR-50419,2025-10-16,2025-11-01,7,16,0,A,Social,Mobile
USR-50420,2025-11-15,2025-11-18,7,50,0,A,Paid Search,Desktop
USR-50421,2025-09-26,2025-12-12,3,8,0,A,Email,Mobile
USR-50422,2025-10-01,2025-10-08,15,68,0,A,Paid Search,Desktop
USR-50423,2025-11-23,2026-01-03,12,79,1,B,Paid Search,Mobile
USR-50424,2025-10-11,2025-11-25,4,30,1,A,Organic Search,Desktop
USR-50425,2025-10-30,2025-12-04,5,38,0,A,Paid Search,Mobile
USR-50426,2025-11-18,2025-12-02,16,102,0,B,Email,Tablet
USR-50427,2025-08-01,2025-11-12,2,12,1,A,Paid Search,Desktop
USR-50428,2025-09-08,2025-09-26,19,89,0,A,Email,Desktop
USR-50429,2025-11-21,2026-01-07,12,90,0,A,Paid Search,Desktop
USR-50430,2025-10-24,2025-12-01,10,36,0,B,Email,Desktop
USR-50431,2025-07-29,2025-08-28,12,80,0,B,Paid Search,Mobile
USR-50432,2025-11-05,2026-01-04,4,31,0,B,Paid Search,Mobile
USR-50433,2025-12-20,2026-01-04,5,22,0,A,Organic Search,Mobile
USR-50434,2025-07-15,2025-09-20,5,22,1,A,Organic Search,Mobile
USR-50435,2025-10-21,2025-12-10,4,11,0,B,Direct,Mobile
USR-50436,2025-12-04,2025-12-13,3,22,1,B,Social,Desktop
USR-50437,2025-08-13,2025-11-19,6,35,1,B,Email,Desktop
USR-50438,2025-12-16,2025-12-23,3,21,0,B,Paid Search,Desktop
USR-50439,2025-07-27,2025-11-23,5,22,1,A,Direct,Desktop
USR-50440,2025-09-28,2025-12-07,2,9,0,A,Social,Mobile
USR-50441,2025-07-21,2025-10-01,6,49,1,A,Email,Desktop
USR-50442,2025-10-20,2025-10-25,5,35,1,B,Paid Search,Mobile
USR-50443,2025-10-21,2025-10-27,4,13,0,B,Direct,Tablet
USR-50444,2025-10-21,2025-12-06,9,40,0,A,Email,Mobile
USR-50445,2025-12-13,2026-01-05,8,21,0,A,Social,Mobile
USR-50446,2025-07-21,2025-08-06,12,81,0,A,Referral,Desktop
USR-50447,2025-11-21,2026-01-12,1,2,1,A,Paid Search,Mobile
USR-50448,2025-09-26,2025-10-02,7,42,0,A,Organic Search,Mobile
USR-50449,2025-10-24,2026-01-14,9,34,0,A,Paid Search,Desktop
USR-50450,2025-08-04,2025-09-26,10,42,0,B,Organic Search,Mobile
USR-50451,2025-11-27,2025-12-03,4,15,0,A,Paid Search,Desktop
USR-50452,2025-10-03,2025-10-28,16,101,1,B,Referral,Mobile
USR-50453,2025-11-03,2026-01-02,8,49,1,A,Paid Search,Desktop
USR-50454,2025-08-31,2025-11-16,1,2,0,A,Paid Search,Desktop
USR-50455,2025-11-02,2025-12-11,3,9,0,A,Organic Search,Desktop
USR-50456,2025-08-27,2025-10-16,15,97,1,B,Organic Search,Desktop
USR-50457,2025-07-01,2025-07-23,5,17,0,B,Organic Search,Desktop
USR-50458,2025-09-03,2025-12-26,16,120,0,A,Social,Desktop
USR-50459,2025-07-01,2025-08-20,3,19,1,B,Referral,Mobile
USR-50460,2025-12-20,2025-12-29,5,34,1,B,Paid Search,Mobile
USR-50461,2025-12-24,2026-01-15,7,25,1,A,Paid Search,Desktop
USR-50462,2025-11-24,2025-12-31,13,42,0,A,Social,Desktop
USR-50463,2025-11-25,2025-12-15,5,12,0,A,Social,Mobile
USR-50464,2025-09-28,2025-12-15,5,20,0,A,Social,Mobile
USR-50465,2025-12-06,2025-12-29,16,82,0,A,Organic Search,Mobile
USR-50466,2025-09-25,2025-10-24,5,15,0,B,Paid Search,Desktop
USR-50467,2025-11-28,2025-12-21,3,13,0,A,Social,Desktop
USR-50468,2025-10-26,2025-12-14,4,27,0,A,Direct,Desktop
USR-50469,2025-08-02,2025-09-18,10,45,0,A,Organic Search,Mobile
USR-50470,2025-10-14,2025-12-22,1,1,0,B,Social,Desktop
USR-50471,2025-08-16,2025-12-02,6,47,0,A,Social,Mobile
USR-50472,2025-09-09,2025-09-16,4,35,0,A,Email,Mobile
USR-50473,2025-09-18,2025-12-05,8,51,1,A,Referral,Desktop
USR-50474,2025-10-18,2025-11-27,11,34,0,B,Email,Desktop
USR-50475,2025-09-04,2025-11-06,8,24,0,B,Social,Desktop
USR-50476,2025-11-12,2025-11-18,2,17,0,B,Direct,Desktop
USR-50477,2025-10-08,2026-01-05,2,8,0,A,Paid Search,Desktop
USR-50478,2025-09-12,2025-10-13,8,31,1,B,Paid Search,Mobile
USR-50479,2025-08-01,2025-10-26,29,119,1,A,Email,Mobile
USR-50480,2025-10-06,2025-10-22,3,11,1,B,Paid Search,Desktop
USR-50481,2025-10-15,2025-11-29,18,76,1,A,Social,Mobile
USR-50482,2025-10-07,2025-11-21,10,30,0,B,Referral,Mobile
USR-50483,2025-10-01,2025-11-13,3,4,0,A,Social,Desktop
USR-50484,2025-07-03,2025-10-27,8,36,0,B,Direct,Mobile
USR-50485,2025-07-25,2025-11-18,11,58,0,A,Direct,Desktop
USR-50486,2025-11-27,2026-01-13,3,28,1,B,Social,Mobile
USR-50487,2025-08-12,2025-10-05,10,30,1,B,Direct,Desktop
USR-50488,2025-07-02,2025-07-05,2,3,0,A,Social,Mobile
USR-50489,2025-11-20,2025-12-30,7,53,1,B,Organic Search,Mobile
USR-50490,2025-12-06,2026-01-03,14,87,0,A,Organic Search,Tablet
USR-50491,2025-09-11,2025-10-05,12,46,0,A,Organic Search,Mobile
USR-50492,2025-07-09,2025-08-28,3,3,0,B,Social,Desktop
USR-50493,2025-07-29,2025-10-21,5,43,1,B,Organic Search,Desktop
USR-50494,2025-08-12,2025-09-01,19,148,0,B,Email,Desktop
USR-50495,2025-07-13,2025-09-26,8,57,0,A,Organic Search,Mobile
USR-50496,2025-08-27,2025-09-07,19,63,1,A,Organic Search,Tablet
USR-50497,2025-08-14,2025-11-15,7,27,0,A,Referral,Desktop
USR-50498,2025-08-08,2025-11-26,3,14,0,B,Organic Search,Mobile
USR-50499,2025-09-05,2025-11-13,2,7,0,B,Organic Search,Desktop
USR-50500,2025-08-06,2025-09-09,3,7,0,A,Organic Search,Desktop
USR-50501,2025-10-14,2025-10-26,6,32,0,A,Paid Search,Desktop
USR-50502,2025-08-17,2025-11-22,2,20,0,B,Social,Desktop
USR-50503,2025-08-16,2025-12-14,2,9,0,A,Organic Search,Mobile
USR-50504,2025-08-08,2025-08-28,5,16,0,A,Email,Desktop
USR-50505,2025-07-22,2025-08-16,8,60,0,B,Organic Search,Mobile
USR-50506,2025-11-13,2025-11-21,1,6,0,B,Social,Mobile
USR-50507,2025-08-20,2025-10-18,2,13,0,B,Paid Search,Desktop
USR-50508,2025-07-11,2025-08-13,9,28,0,B,Organic Search,Tablet
USR-50509,2025-12-10,2025-12-29,1,10,0,B,Paid Search,Mobile
USR-50510,2025-08-23,2025-10-15,3,19,0,A,Organic Search,Mobile
USR-50511,2025-11-08,2025-12-07,13,88,0,B,Referral,Mobile
USR-50512,2025-12-16,2025-12-18,6,30,0,A,Referral,Desktop
USR-50513,2025-11-30,2026-01-06,3,14,0,B,Organic Search,Mobile
USR-50514,2025-12-10,2026-01-04,8,54,0,A,Referral,Mobile
USR-50515,2025-08-28,2025-12-25,7,45,1,A,Social,Desktop
USR-50516,2025-11-23,2026-01-08,8,54,0,A,Email,Mobile
USR-50517,2025-08-22,2025-09-17,9,48,0,B,Organic Search,Desktop
USR-50518,2025-11-18,2025-12-06,3,19,0,A,Referral,Mobile
USR-50519,2025-12-06,2025-12-17,15,61,1,B,Social,Desktop
USR-50520,2025-11-23,2025-12-09,4,14,0,A,Direct,Mobile
USR-50521,2025-07-03,2025-10-24,10,57,1,B,Organic Search,Desktop
USR-50522,2025-10-04,2025-10-22,3,14,0,A,Organic Search,Mobile
USR-50523,2025-11-11,2025-12-23,7,33,1,B,Referral,Mobile
USR-50524,2025-12-09,2025-12-24,9,26,0,B,Referral,Mobile
USR-50525,2025-10-21,2025-10-28,8,47,1,A,Organic Search,Mobile
USR-50526,2025-11-07,2025-12-28,2,10,0,B,Paid Search,Mobile
USR-50527,2025-12-05,2026-01-11,2,5,0,A,Paid Search,Mobile
USR-50528,2025-11-17,2025-12-20,3,11,0,B,Paid Search,Mobile
USR-50529,2025-11-23,2025-11-27,2,3,1,B,Organic Search,Desktop
USR-50530,2025-12-04,2026-01-12,5,30,1,B,Organic Search,Mobile
USR-50531,2025-07-17,2025-08-30,12,37,0,A,Paid Search,Desktop
USR-50532,2025-09-24,2025-11-28,5,11,1,A,Paid Search,Tablet
USR-50533,2025-11-23,2025-12-23,6,36,0,A,Paid Search,Desktop
USR-50534,2025-07-19,2025-10-14,9,40,1,B,Paid Search,Mobile
USR-50535,2025-10-03,2025-10-07,6,17,0,A,Referral,Mobile
USR-50536,2025-11-26,2025-12-07,10,30,1,B,Referral,Mobile
USR-50537,2025-11-03,2025-11-04,1,1,0,B,Social,Mobile
USR-50538,2025-12-27,2026-01-04,8,56,0,A,Organic Search,Tablet
USR-50539,2025-09-28,2025-12-23,2,9,0,A,Paid Search,Mobile
USR-50540,2025-11-29,2026-01-13,4,17,0,B,Referral,Desktop
USR-50541,2025-09-07,2025-09-13,10,46,0,A,Organic Search,Mobile
USR-50542,2025-08-03,2025-10-26,9,40,0,B,Referral,Desktop
USR-50543,2025-12-04,2026-01-09,9,41,1,B,Email,Desktop
USR-50544,2025-08-09,2025-11-26,13,87,0,A,Social,Tablet
USR-50545,2025-09-06,2025-12-23,11,30,1,B,Referral,Desktop
USR-50546,2025-10-11,2025-12-27,6,36,1,A,Email,Mobile
USR-50547,2025-08-26,2025-09-12,13,102,0,B,Email,Desktop
USR-50548,2025-11-28,2025-12-12,10,49,0,A,Email,Mobile
USR-50549,2025-07-07,2025-08-31,9,50,1,A,Organic Search,Mobile
USR-50550,2025-12-26,2026-01-11,2,9,1,B,Email,Desktop
USR-50551,2025-09-30,2025-10-01,8,59,0,A,Paid Search,Mobile
USR-50552,2025-12-16,2025-12-26,5,15,0,A,Referral,Desktop
USR-50553,2025-10-17,2026-01-13,15,106,1,B,Email,Mobile
USR-50554,2025-09-28,2026-01-02,7,48,1,B,Social,Mobile
USR-50555,2025-10-19,2025-12-24,5,37,0,B,Referral,Desktop
USR-50556,2025-09-06,2025-10-05,7,45,0,A,Organic Search,Mobile
USR-50557,2025-07-17,2025-07-27,6,50,1,B,Organic Search,Tablet
USR-50558,2025-11-18,2026-01-04,4,21,0,A,Social,Desktop
USR-50559,2025-09-23,2025-10-11,10,32,1,A,Direct,Desktop
USR-50560,2025-12-13,2025-12-16,13,72,1,B,Organic Search,Desktop
USR-50561,2025-10-12,2025-12-12,11,78,1,B,Organic Search,Desktop
USR-50562,2025-08-25,2025-12-14,3,11,0,B,Paid Search,Desktop
USR-50563,2025-07-29,2025-11-18,8,57,1,B,Organic Search,Desktop
USR-50564,2025-07-29,2025-11-25,5,22,1,A,Social,Mobile
USR-50565,2025-10-05,2025-10-08,5,18,0,B,Email,Mobile
USR-50566,2025-09-10,2025-09-11,6,39,0,B,Paid Search,Desktop
USR-50567,2025-07-20,2025-07-31,21,159,1,B,Social,Mobile
USR-50568,2025-11-04,2026-01-09,5,30,0,A,Organic Search,Tablet
USR-50569,2025-09-05,2025-10-16,3,26,0,A,Referral,Desktop
USR-50570,2025-09-16,2026-01-06,6,38,0,B,Social,Mobile
USR-50571,2025-11-16,2026-01-02,10,34,0,B,Direct,Mobile
USR-50572,2025-12-26,2025-12-30,6,37,0,A,Email,Mobile
USR-50573,2025-08-19,2025-12-17,22,116,1,B,Paid Search,Mobile
USR-50574,2025-10-28,2025-11-05,5,35,0,A,Paid Search,Mobile
USR-50575,2025-09-30,2025-10-04,9,67,0,A,Referral,Desktop
USR-50576,2025-07-02,2025-07-06,11,55,0,B,Organic Search,Desktop
USR-50577,2025-07-02,2025-07-26,3,11,1,B,Paid Search,Mobile
USR-50578,2025-09-09,2025-12-14,2,8,0,A,Organic Search,Desktop
USR-50579,2025-11-23,2025-11-25,1,6,0,A,Social,Desktop
USR-50580,2025-10-07,2025-10-23,13,81,0,B,Paid Search,Desktop
USR-50581,2025-08-16,2025-10-24,6,40,0,A,Social,Desktop
USR-50582,2025-09-11,2025-09-11,3,17,0,A,Social,Desktop
USR-50583,2025-10-17,2025-12-09,12,51,0,B,Email,Desktop
USR-50584,2025-11-20,2026-01-11,5,17,0,A,Direct,Desktop
USR-50585,2025-10-01,2025-12-11,21,105,0,B,Email,Mobile
USR-50586,2025-09-16,2025-11-22,20,147,1,B,Referral,Mobile
USR-50587,2025-07-29,2025-09-04,12,77,0,B,Paid Search,Desktop
USR-50588,2025-10-21,2025-11-27,4,21,0,A,Organic Search,Mobile
USR-50589,2025-08-03,2025-09-27,5,10,0,A,Direct,Desktop
USR-50590,2025-09-29,2025-11-04,6,28,0,A,Paid Search,Mobile
USR-50591,2025-09-21,2025-12-07,8,41,0,B,Direct,Desktop
USR-50592,2025-09-29,2025-10-29,3,17,0,A,Paid Search,Mobile
USR-50593,2025-10-24,2025-11-04,10,38,0,A,Referral,Desktop
USR-50594,2025-11-28,2025-12-13,11,75,1,B,Organic Search,Desktop
USR-50595,2025-07-30,2025-11-11,15,108,1,B,Paid Search,Mobile
USR-50596,2025-12-02,2025-12-29,2,4,1,B,Direct,Desktop
USR-50597,2025-09-20,2025-11-29,17,118,0,A,Email,Desktop
USR-50598,2025-10-15,2025-12-03,10,67,0,A,Paid Search,Mobile
USR-50599,2025-10-21,2025-12-01,12,48,0,A,Referral,Mobile
USR-50600,2025-09-01,2025-11-07,6,26,0,A,Paid Search,Mobile
USR-50601,2025-09-28,2025-11-10,5,33,0,A,Email,Tablet
USR-50602,2025-10-25,2025-11-15,3,6,0,B,Social,Mobile
USR-50603,2025-12-12,2025-12-17,13,80,0,B,Organic Search,Mobile
USR-50604,2025-09-23,2025-09-24,1,7,0,B,Social,Mobile
USR-50605,2025-10-12,2026-01-05,38,198,0,A,Organic Search,Desktop
USR-50606,2025-10-30,2025-11-22,20,115,0,A,Email,Desktop
USR-50607,2025-12-14,2026-01-07,12,66,0,A,Direct,Mobile
USR-50608,2025-08-18,2025-09-12,7,22,0,B,Referral,Mobile
USR-50609,2025-12-13,2026-01-06,16,54,1,A,Organic Search,Desktop
USR-50610,2025-07-06,2025-10-12,10,60,0,B,Referral,Mobile
USR-50611,2025-12-07,2025-12-29,4,19,0,B,Referral,Desktop
USR-50612,2025-09-05,2025-10-06,11,46,0,A,Paid Search,Mobile
USR-50613,2025-12-11,2025-12-15,8,33,0,B,Paid Search,Desktop
USR-50614,2025-11-19,2025-12-20,2,9,0,B,Paid Search,Mobile
USR-50615,2025-11-05,2025-12-10,2,17,0,A,Social,Desktop
USR-50616,2025-09-27,2025-12-21,7,39,0,B,Email,Mobile
USR-50617,2025-07-27,2025-11-15,20,139,1,B,Email,Desktop
USR-50618,2025-12-01,2026-01-14,6,26,0,A,Direct,Desktop
USR-50619,2025-09-01,2025-10-31,18,113,0,B,Referral,Mobile
USR-50620,2025-09-03,2025-11-07,5,45,0,B,Social,Desktop
USR-50621,2025-09-08,2025-11-08,9,45,1,B,Social,Desktop
USR-50622,2025-11-28,2025-12-28,2,7,0,B,Referral,Desktop
USR-50623,2025-08-21,2025-10-24,5,25,0,A,Social,Desktop
USR-50624,2025-12-06,2025-12-25,4,12,0,A,Paid Search,Desktop
USR-50625,2025-11-19,2025-12-30,3,11,1,A,Paid Search,Desktop
USR-50626,2025-11-11,2025-12-26,3,9,0,B,Organic Search,Desktop
USR-50627,2025-09-09,2025-11-17,14,71,0,B,Email,Mobile
USR-50628,2025-08-06,2025-09-26,10,31,0,B,Direct,Mobile
USR-50629,2025-12-14,2025-12-23,4,17,0,B,Organic Search,Desktop
USR-50630,2025-10-02,2025-10-21,5,24,0,B,Paid Search,Mobile
USR-50631,2025-08-15,2025-09-05,11,68,0,B,Organic Search,Mobile
USR-50632,2025-07-02,2025-10-05,2,5,0,A,Paid Search,Desktop
USR-50633,2025-12-04,2025-12-30,7,44,1,B,Paid Search,Desktop
USR-50634,2025-12-04,2025-12-17,4,30,1,B,Social,Mobile
USR-50635,2025-07-19,2025-09-26,2,10,0,A,Paid Search,Mobile
USR-50636,2025-08-11,2025-11-24,1,7,0,B,Social,Desktop
USR-50637,2025-08-09,2025-08-22,6,48,1,A,Email,Mobile
USR-50638,2025-12-21,2025-12-27,14,52,0,B,Direct,Mobile
USR-50639,2025-08-15,2025-11-22,3,24,0,A,Referral,Mobile
USR-50640,2025-11-17,2025-12-27,14,46,1,B,Paid Search,Desktop
USR-50641,2025-09-15,2025-09-30,2,9,0,B,Paid Search,Desktop
USR-50642,2025-07-14,2025-10-23,42,166,1,A,Email,Mobile
USR-50643,2025-09-26,2025-12-06,10,86,1,B,Email,Mobile
USR-50644,2025-12-10,2025-12-29,3,10,0,B,Paid Search,Desktop
USR-50645,2025-07-26,2025-10-18,4,28,0,A,Social,Mobile
USR-50646,2025-12-26,2026-01-15,15,93,0,A,Organic Search,Desktop
USR-50647,2025-12-06,2025-12-13,4,26,0,A,Social,Mobile
USR-50648,2025-07-25,2025-09-25,4,17,1,A,Email,Desktop
USR-50649,2025-09-25,2026-01-06,9,48,0,B,Paid Search,Mobile
USR-50650,2025-08-16,2025-09-21,6,30,1,B,Email,Desktop
USR-50651,2025-09-09,2026-01-04,9,43,0,B,Social,Mobile
USR-50652,2025-07-03,2025-10-11,15,96,1,B,Email,Desktop
USR-50653,2025-07-04,2025-07-08,7,36,0,A,Social,Desktop
USR-50654,2025-07-03,2025-09-22,2,11,0,B,Social,Desktop
USR-50655,2025-09-22,2025-11-09,7,53,1,B,Direct,Desktop
USR-50656,2025-09-10,2025-11-24,12,53,0,A,Paid Search,Desktop
USR-50657,2025-10-07,2025-12-12,2,2,0,B,Referral,Desktop
USR-50658,2025-09-05,2025-09-30,2,8,0,B,Direct,Desktop
USR-50659,2025-11-10,2025-11-13,7,49,0,B,Social,Mobile
USR-50660,2025-10-06,2026-01-10,3,8,0,A,Social,Mobile
USR-50661,2025-11-28,2026-01-14,3,16,0,A,Social,Mobile
USR-50662,2025-11-06,2025-12-25,11,39,1,A,Referral,Mobile
USR-50663,2025-08-18,2025-08-21,8,63,0,B,Organic Search,Desktop
USR-50664,2025-11-17,2025-12-17,17,89,1,A,Email,Desktop
USR-50665,2025-11-01,2026-01-09,5,26,1,A,Organic Search,Mobile
USR-50666,2025-07-19,2025-08-09,6,47,0,B,Organic Search,Mobile
USR-50667,2025-11-14,2025-11-30,18,128,0,A,Organic Search,Mobile
USR-50668,2025-09-02,2025-09-10,2,9,0,B,Social,Desktop
USR-50669,2025-10-03,2025-12-13,11,46,0,B,Paid Search,Mobile
USR-50670,2025-11-01,2025-12-17,11,57,0,A,Paid Search,Mobile
USR-50671,2025-12-09,2026-01-12,11,55,1,B,Email,Mobile
USR-50672,2025-07-15,2025-08-27,10,60,0,A,Referral,Desktop
USR-50673,2025-12-10,2025-12-15,3,10,0,B,Direct,Mobile
USR-50674,2025-08-12,2025-11-25,4,15,0,B,Paid Search,Mobile
USR-50675,2025-12-04,2025-12-31,1,1,1,B,Email,Mobile
USR-50676,2025-12-23,2025-12-30,3,7,0,A,Organic Search,Tablet
USR-50677,2025-07-07,2025-10-30,8,42,1,B,Referral,Mobile
USR-50678,2025-07-31,2025-11-13,10,54,0,B,Paid Search,Desktop
USR-50679,2025-07-22,2025-11-14,10,67,0,B,Paid Search,Desktop
USR-50680,2025-10-25,2025-10-30,7,33,0,B,Organic Search,Desktop
USR-50681,2025-09-25,2025-09-30,6,20,1,B,Paid Search,Tablet
USR-50682,2025-10-29,2025-12-25,8,42,0,B,Organic Search,Desktop
USR-50683,2025-08-20,2025-09-03,2,10,0,B,Social,Mobile
USR-50684,2025-08-24,2025-10-06,27,191,1,B,Social,Desktop
USR-50685,2025-08-12,2025-11-06,4,34,1,A,Organic Search,Desktop
USR-50686,2025-11-10,2025-12-12,15,116,1,A,Organic Search,Desktop
USR-50687,2025-12-12,2025-12-13,3,11,1,A,Direct,Mobile
USR-50688,2025-08-16,2025-09-24,3,20,0,B,Organic Search,Desktop
USR-50689,2025-07-10,2025-07-13,3,18,0,A,Direct,Desktop
USR-50690,2025-09-03,2025-11-03,4,19,0,A,Paid Search,Desktop
USR-50691,2025-09-22,2026-01-05,2,15,0,A,Organic Search,Mobile
USR-50692,2025-10-14,2025-12-08,8,63,0,B,Direct,Desktop
USR-50693,2025-11-24,2025-12-12,7,46,0,A,Email,Mobile
USR-50694,2025-10-28,2025-12-07,2,20,0,A,Social,Mobile
USR-50695,2025-09-26,2025-12-11,9,39,1,B,Organic Search,Desktop
USR-50696,2025-07-15,2025-07-20,1,5,0,A,Social,Desktop
USR-50697,2025-08-23,2025-10-20,14,44,0,A,Email,Mobile
USR-50698,2025-10-25,2025-12-08,21,101,1,A,Organic Search,Mobile
USR-50699,2025-08-03,2025-08-17,11,54,1,A,Paid Search,Mobile
USR-50700,2025-09-04,2025-12-13,2,7,0,B,Organic Search,Tablet
USR-50701,2025-09-04,2025-11-10,6,44,0,A,Organic Search,Desktop
USR-50702,2025-11-18,2025-12-24,6,21,0,A,Direct,Mobile
USR-50703,2025-09-10,2025-11-02,2,11,1,B,Referral,Mobile
USR-50704,2025-09-04,2025-11-29,7,46,0,A,Email,Mobile
USR-50705,2025-11-13,2025-12-02,5,25,0,B,Organic Search,Mobile
USR-50706,2025-10-10,2025-12-10,8,43,1,B,Organic Search,Desktop
USR-50707,2025-07-04,2025-09-03,5,25,0,A,Email,Desktop
USR-50708,2025-10-11,2026-01-12,8,61,0,B,Organic Search,Mobile
USR-50709,2025-09-01,2025-10-05,18,96,0,A,Email,Mobile
USR-50710,2025-09-26,2025-11-12,12,56,0,A,Paid Search,Mobile
USR-50711,2025-12-07,2026-01-15,3,10,0,B,Social,Desktop
USR-50712,2025-09-13,2025-12-11,3,18,1,A,Paid Search,Mobile
USR-50713,2025-10-08,2025-11-03,6,40,0,B,Organic Search,Mobile
USR-50714,2025-08-18,2025-11-02,2,10,0,A,Paid Search,Desktop
USR-50715,2025-10-26,2025-11-19,6,31,0,B,Paid Search,Tablet
USR-50716,2025-08-12,2025-09-26,16,60,0,B,Organic Search,Mobile
USR-50717,2025-11-24,2025-12-06,3,16,0,B,Email,Mobile
USR-50718,2025-12-08,2025-12-13,31,154,1,A,Social,Mobile
USR-50719,2025-08-04,2025-08-30,33,171,1,A,Email,Tablet
USR-50720,2025-09-09,2025-11-23,11,68,0,A,Organic Search,Desktop
USR-50721,2025-10-16,2025-10-22,6,24,1,B,Organic Search,Desktop
USR-50722,2025-11-28,2025-12-10,3,10,1,B,Organic Search,Mobile
USR-50723,2025-09-28,2025-11-10,7,16,0,A,Paid Search,Desktop
USR-50724,2025-07-30,2025-09-19,2,14,1,B,Paid Search,Desktop
USR-50725,2025-09-21,2026-01-10,19,128,0,A,Social,Desktop
USR-50726,2025-10-06,2025-12-16,10,25,1,A,Paid Search,Mobile
USR-50727,2025-09-18,2025-09-18,2,19,0,A,Referral,Mobile
USR-50728,2025-07-16,2025-08-13,5,23,1,B,Paid Search,Tablet
USR-50729,2025-08-09,2025-11-27,5,42,0,A,Social,Mobile
USR-50730,2025-07-21,2025-10-06,6,25,0,B,Direct,Mobile
USR-50731,2025-12-12,2026-01-04,6,50,0,B,Organic Search,Mobile
USR-50732,2025-11-29,2025-12-13,2,12,1,B,Social,Mobile
USR-50733,2025-11-01,2026-01-06,24,85,0,A,Direct,Mobile
USR-50734,2025-11-08,2025-12-06,9,52,0,A,Social,Desktop
USR-50735,2025-11-09,2026-01-09,2,8,1,A,Paid Search,Mobile
USR-50736,2025-08-01,2025-10-31,17,57,0,A,Organic Search,Desktop
USR-50737,2025-08-01,2025-10-15,4,18,0,B,Organic Search,Desktop
USR-50738,2025-12-12,2025-12-28,12,73,0,B,Organic Search,Tablet
USR-50739,2025-09-04,2025-12-25,9,61,0,B,Paid Search,Mobile
USR-50740,2025-10-24,2025-11-28,5,40,0,A,Organic Search,Mobile
USR-50741,2025-08-25,2025-09-01,4,29,0,A,Social,Mobile
USR-50742,2025-11-10,2026-01-12,10,54,1,B,Organic Search,Desktop
USR-50743,2025-10-02,2025-10-08,11,64,1,B,Organic Search,Mobile
USR-50744,2025-10-01,2025-11-07,5,39,0,A,Referral,Desktop
USR-50745,2025-07-15,2025-10-14,16,60,0,B,Social,Desktop
USR-50746,2025-08-22,2025-10-31,9,46,0,A,Organic Search,Mobile
USR-50747,2025-12-13,2025-12-24,3,12,0,B,Direct,Mobile
USR-50748,2025-12-16,2026-01-12,2,18,1,B,Referral,Mobile
USR-50749,2025-07-13,2025-10-29,9,26,0,A,Paid Search,Desktop
USR-50750,2025-10-20,2026-01-12,5,15,1,B,Organic Search,Desktop
USR-50751,2025-10-29,2025-12-17,9,41,0,B,Email,Mobile
USR-50752,2025-12-21,2025-12-28,5,33,0,A,Paid Search,Mobile
USR-50753,2025-07-20,2025-08-13,17,69,0,A,Referral,Tablet
USR-50754,2025-12-25,2026-01-06,7,47,0,B,Email,Desktop
USR-50755,2025-08-17,2025-11-26,10,62,0,B,Paid Search,Mobile
USR-50756,2025-10-21,2025-11-21,8,66,0,B,Social,Mobile
USR-50757,2025-12-14,2026-01-04,8,54,0,A,Organic Search,Desktop
USR-50758,2025-10-19,2025-12-04,7,38,1,B,Paid Search,Desktop
USR-50759,2025-07-14,2025-09-01,3,30,0,B,Paid Search,Mobile
USR-50760,2025-10-10,2025-12-18,9,37,0,B,Referral,Desktop
USR-50761,2025-07-26,2025-11-13,4,18,0,A,Paid Search,Desktop
USR-50762,2025-08-31,2025-12-28,3,14,1,B,Paid Search,Desktop
USR-50763,2025-08-16,2025-08-27,7,49,0,B,Social,Desktop
USR-50764,2025-08-27,2025-08-29,4,35,0,A,Paid Search,Desktop
USR-50765,2025-09-28,2026-01-11,18,84,0,A,Paid Search,Tablet
USR-50766,2025-07-01,2025-09-08,3,26,0,B,Social,Mobile
USR-50767,2025-09-29,2025-11-13,5,38,0,B,Email,Desktop
USR-50768,2025-11-04,2025-12-22,9,40,1,B,Paid Search,Desktop
USR-50769,2025-11-23,2025-12-02,4,17,0,A,Referral,Mobile
USR-50770,2025-11-11,2025-11-19,5,32,0,A,Email,Mobile
USR-50771,2025-08-31,2025-11-10,3,18,0,B,Social,Desktop
USR-50772,2025-08-15,2025-09-16,2,17,0,A,Social,Mobile
USR-50773,2025-12-04,2026-01-07,25,92,0,B,Organic Search,Desktop
USR-50774,2025-11-30,2025-12-14,6,25,0,A,Paid Search,Mobile
USR-50775,2025-07-08,2025-09-07,8,35,0,A,Email,Desktop
USR-50776,2025-07-18,2025-07-23,11,49,0,A,Organic Search,Desktop
USR-50777,2025-08-29,2025-11-29,7,48,0,A,Organic Search,Mobile
USR-50778,2025-09-23,2025-12-23,18,109,0,A,Social,Desktop
USR-50779,2025-12-24,2026-01-15,8,60,0,A,Social,Mobile
USR-50780,2025-11-25,2026-01-06,3,10,0,B,Direct,Desktop
USR-50781,2025-12-23,2026-01-01,5,20,1,B,Social,Desktop
USR-50782,2025-10-07,2025-10-16,5,29,0,B,Direct,Desktop
USR-50783,2025-12-13,2026-01-12,5,25,0,A,Social,Mobile
USR-50784,2025-10-17,2025-11-23,2,14,0,A,Paid Search,Mobile
USR-50785,2025-08-07,2025-09-25,12,48,0,B,Paid Search,Desktop
USR-50786,2025-07-03,2025-10-31,7,25,1,B,Organic Search,Tablet
USR-50787,2025-09-26,2025-12-23,6,46,0,A,Referral,Mobile
USR-50788,2025-09-17,2025-11-24,3,6,0,A,Direct,Mobile
USR-50789,2025-09-18,2025-12-15,17,63,0,B,Organic Search,Desktop
USR-50790,2025-10-31,2025-12-21,2,4,0,B,Organic Search,Desktop
USR-50791,2025-11-02,2025-11-17,9,44,0,A,Email,Desktop
USR-50792,2025-10-16,2025-12-14,18,59,1,A,Organic Search,Mobile
USR-50793,2025-12-27,2026-01-07,10,50,0,B,Email,Tablet
USR-50794,2025-08-06,2025-10-10,4,18,0,A,Social,Mobile
USR-50795,2025-07-15,2025-08-09,6,38,0,A,Organic Search,Desktop
USR-50796,2025-08-11,2025-08-26,3,18,0,A,Direct,Desktop
USR-50797,2025-08-03,2025-11-29,2,19,1,B,Paid Search,Mobile
USR-50798,2025-11-15,2025-12-27,6,20,1,B,Social,Desktop
USR-50799,2025-12-11,2025-12-12,2,19,0,B,Email,Mobile
USR-50800,2025-07-18,2025-08-05,8,53,1,B,Social,Desktop
USR-50801,2025-10-12,2025-12-27,3,20,0,B,Social,Desktop
USR-50802,2025-10-22,2025-12-06,14,85,1,B,Organic Search,Desktop
USR-50803,2025-08-18,2025-08-29,7,34,1,B,Email,Desktop
USR-50804,2025-09-28,2025-11-18,19,67,0,A,Paid Search,Mobile
USR-50805,2025-11-23,2025-12-20,7,15,0,B,Referral,Mobile
USR-50806,2025-10-18,2025-10-28,23,120,1,A,Email,Mobile
USR-50807,2025-10-27,2025-12-30,5,15,0,A,Paid Search,Mobile
USR-50808,2025-09-22,2025-10-23,24,100,0,A,Direct,Desktop
USR-50809,2025-12-20,2025-12-22,8,71,0,A,Social,Desktop
USR-50810,2025-10-17,2025-11-08,4,27,0,A,Paid Search,Mobile
USR-50811,2025-12-03,2026-01-02,1,2,0,B,Email,Mobile
USR-50812,2025-09-12,2026-01-03,6,49,0,A,Direct,Tablet
USR-50813,2025-07-19,2025-11-16,4,20,0,B,Social,Desktop
USR-50814,2025-12-26,2026-01-04,9,50,1,B,Paid Search,Desktop
USR-50815,2025-10-03,2025-12-30,6,24,0,B,Organic Search,Desktop
USR-50816,2025-10-07,2025-11-30,1,8,0,B,Direct,Mobile
USR-50817,2025-07-28,2025-10-16,5,20,0,B,Social,Mobile
USR-50818,2025-11-10,2025-12-04,8,32,0,B,Social,Mobile
USR-50819,2025-08-10,2025-12-01,10,28,0,B,Social,Mobile
USR-50820,2025-08-05,2025-08-24,4,29,1,A,Direct,Desktop
USR-50821,2025-10-14,2025-11-09,6,47,0,A,Direct,Mobile
USR-50822,2025-12-13,2025-12-26,2,2,0,B,Paid Search,Desktop
USR-50823,2025-07-22,2025-11-12,6,47,1,A,Organic Search,Desktop
USR-50824,2025-11-12,2025-12-30,16,66,0,B,Organic Search,Desktop
USR-50825,2025-08-30,2025-11-23,7,30,0,B,Email,Mobile
USR-50826,2025-07-12,2025-11-09,12,66,0,A,Paid Search,Mobile
USR-50827,2025-12-25,2025-12-29,29,159,1,A,Email,Desktop
USR-50828,2025-09-15,2026-01-04,5,29,0,B,Referral,Mobile
USR-50829,2025-09-30,2026-01-14,8,37,1,A,Referral,Desktop
USR-50830,2025-11-11,2025-12-05,4,18,1,B,Referral,Desktop
USR-50831,2025-08-07,2025-09-01,10,38,0,A,Organic Search,Mobile
USR-50832,2025-12-06,2025-12-28,6,33,1,B,Email,Tablet
USR-50833,2025-10-21,2026-01-01,16,75,0,B,Social,Desktop
USR-50834,2025-09-18,2026-01-02,2,3,0,B,Social,Desktop
USR-50835,2025-11-08,2025-12-04,5,29,0,B,Social,Mobile
USR-50836,2025-09-25,2025-11-16,7,30,0,A,Paid Search,Desktop
USR-50837,2025-10-10,2025-12-29,4,19,0,A,Direct,Desktop
USR-50838,2025-12-10,2026-01-13,4,21,0,B,Paid Search,Mobile
USR-50839,2025-11-06,2026-01-05,12,78,0,B,Referral,Mobile
USR-50840,2025-07-27,2025-10-30,5,32,0,A,Paid Search,Desktop
USR-50841,2025-07-09,2025-08-31,21,97,0,B,Organic Search,Desktop
USR-50842,2025-07-25,2025-08-01,6,49,0,A,Paid Search,Mobile
USR-50843,2025-09-12,2025-10-02,10,57,0,A,Organic Search,Desktop
USR-50844,2025-10-01,2025-10-17,6,44,0,A,Social,Tablet
USR-50845,2025-07-11,2025-10-19,2,14,1,A,Paid Search,Mobile
USR-50846,2025-11-08,2025-11-23,9,41,1,B,Direct,Mobile
USR-50847,2025-10-06,2025-11-24,13,96,0,A,Organic Search,Mobile
USR-50848,2025-10-22,2026-01-05,21,78,0,A,Organic Search,Desktop
USR-50849,2025-07-17,2025-08-01,6,12,0,A,Referral,Desktop
USR-50850,2025-09-25,2026-01-08,12,88,0,A,Social,Desktop
USR-50851,2025-08-18,2025-10-12,4,29,0,B,Organic Search,Desktop
USR-50852,2025-12-22,2026-01-09,6,41,0,B,Organic Search,Mobile
USR-50853,2025-11-05,2025-12-04,3,24,1,B,Paid Search,Mobile
USR-50854,2025-12-22,2026-01-03,2,16,1,A,Paid Search,Mobile
USR-50855,2025-12-09,2025-12-26,16,62,1,B,Paid Search,Desktop
USR-50856,2025-08-06,2025-11-10,17,134,1,B,Email,Mobile
USR-50857,2025-07-15,2025-10-01,6,30,0,A,Direct,Tablet
USR-50858,2025-10-31,2026-01-15,4,10,0,A,Referral,Desktop
USR-50859,2025-10-26,2025-10-30,45,247,1,B,Email,Tablet
USR-50860,2025-10-25,2025-11-06,8,58,0,B,Email,Desktop
USR-50861,2025-10-19,2026-01-01,7,29,0,A,Organic Search,Tablet
USR-50862,2025-11-03,2025-12-28,6,19,0,B,Paid Search,Mobile
USR-50863,2025-10-27,2026-01-05,41,213,1,B,Email,Desktop
USR-50864,2025-10-19,2026-01-06,13,100,1,A,Organic Search,Mobile
USR-50865,2025-08-25,2025-12-14,1,12,0,B,Social,Mobile
USR-50866,2025-07-30,2025-10-12,10,74,0,A,Direct,Tablet
USR-50867,2025-10-10,2025-11-07,6,33,0,A,Organic Search,Desktop
USR-50868,2025-12-24,2025-12-29,2,7,0,A,Organic Search,Desktop
USR-50869,2025-12-04,2025-12-29,14,70,0,B,Organic Search,Mobile
USR-50870,2025-08-15,2025-09-04,21,88,1,A,Paid Search,Desktop
USR-50871,2025-11-11,2025-11-23,3,14,0,A,Paid Search,Mobile
USR-50872,2025-09-21,2025-11-04,9,38,1,B,Organic Search,Desktop
USR-50873,2025-11-27,2025-12-19,5,31,0,B,Social,Desktop
USR-50874,2025-09-10,2025-11-07,1,1,0,B,Paid Search,Desktop
USR-50875,2025-10-18,2025-11-08,2,16,0,B,Direct,Mobile
USR-50876,2025-07-02,2025-08-21,17,46,0,B,Paid Search,Mobile
USR-50877,2025-08-27,2025-10-09,11,77,1,A,Direct,Desktop
USR-50878,2025-09-23,2025-10-13,10,59,0,A,Organic Search,Tablet
USR-50879,2025-10-03,2025-10-10,3,4,0,B,Direct,Mobile
USR-50880,2025-09-13,2025-10-13,1,3,0,A,Social,Tablet
USR-50881,2025-12-20,2026-01-08,6,30,0,B,Paid Search,Mobile
USR-50882,2025-11-10,2025-11-23,7,19,0,B,Paid Search,Mobile
USR-50883,2025-12-27,2026-01-07,4,21,0,A,Paid Search,Desktop
USR-50884,2025-11-10,2025-11-17,6,29,0,B,Referral,Mobile
USR-50885,2025-08-19,2025-11-13,37,130,1,B,Email,Desktop
USR-50886,2025-08-28,2025-11-26,17,56,1,B,Referral,Desktop
USR-50887,2025-09-27,2025-11-22,17,54,1,B,Direct,Mobile
USR-50888,2025-10-12,2026-01-10,4,31,0,A,Paid Search,Mobile
USR-50889,2025-12-20,2025-12-23,8,54,0,A,Paid Search,Mobile
USR-50890,2025-08-29,2025-11-01,6,27,0,A,Email,Mobile
USR-50891,2025-07-15,2025-09-16,2,14,1,B,Paid Search,Tablet
USR-50892,2025-07-27,2025-11-22,29,158,1,A,Referral,Mobile
USR-50893,2025-08-16,2025-09-03,7,16,0,B,Paid Search,Desktop
USR-50894,2025-10-10,2025-11-13,7,38,0,A,Paid Search,Mobile
USR-50895,2025-07-31,2025-11-14,3,8,0,A,Email,Desktop
USR-50896,2025-08-07,2025-09-02,9,36,0,A,Email,Desktop
USR-50897,2025-11-10,2025-12-21,16,102,1,A,Referral,Desktop
USR-50898,2025-09-26,2025-11-28,5,41,0,A,Social,Mobile
USR-50899,2025-10-02,2025-12-05,12,80,1,A,Organic Search,Mobile
USR-50900,2025-07-21,2025-08-14,8,22,0,A,Organic Search,Mobile
USR-50901,2025-07-27,2025-11-19,10,45,1,B,Referral,Desktop
USR-50902,2025-10-28,2026-01-06,6,23,0,A,Organic Search,Mobile
USR-50903,2025-10-10,2025-12-17,32,128,1,B,Email,Desktop
USR-50904,2025-10-24,2026-01-13,5,27,0,B,Paid Search,Desktop
USR-50905,2025-10-24,2025-11-24,12,84,0,A,Organic Search,Mobile
USR-50906,2025-09-22,2025-12-09,4,28,0,B,Paid Search,Tablet
USR-50907,2025-08-08,2025-08-17,10,69,0,B,Direct,Desktop
USR-50908,2025-07-03,2025-07-27,6,34,0,B,Paid Search,Desktop
USR-50909,2025-07-27,2025-08-13,3,15,0,B,Social,Mobile
USR-50910,2025-10-16,2025-11-04,11,75,0,A,Paid Search,Mobile
USR-50911,2025-12-26,2025-12-30,10,67,1,B,Email,Desktop
USR-50912,2025-10-27,2026-01-06,15,77,1,A,Paid Search,Mobile
USR-50913,2025-08-13,2025-12-09,5,22,1,A,Email,Tablet
USR-50914,2025-11-15,2025-12-30,2,18,0,B,Paid Search,Desktop
USR-50915,2025-09-24,2025-12-27,1,1,0,A,Organic Search,Mobile
USR-50916,2025-08-26,2025-10-07,6,31,0,B,Paid Search,Mobile
USR-50917,2025-12-19,2026-01-13,2,16,0,A,Paid Search,Tablet
USR-50918,2025-09-09,2025-09-10,6,26,0,A,Social,Mobile
USR-50919,2025-11-15,2025-11-24,5,32,1,A,Referral,Mobile
USR-50920,2025-10-07,2025-10-20,19,107,1,B,Social,Tablet
USR-50921,2025-07-11,2025-07-15,9,33,0,A,Direct,Mobile
USR-50922,2025-12-25,2026-01-05,8,39,0,A,Organic Search,Mobile
USR-50923,2025-12-12,2026-01-11,2,11,0,B,Paid Search,Tablet
USR-50924,2025-11-27,2026-01-02,2,7,0,B,Direct,Desktop
USR-50925,2025-08-24,2025-12-17,3,20,0,A,Social,Desktop
USR-50926,2025-12-08,2026-01-06,4,24,0,A,Social,Tablet
USR-50927,2025-11-10,2025-11-27,4,10,1,A,Paid Search,Desktop
USR-50928,2025-12-13,2026-01-07,19,59,0,A,Organic Search,Mobile
USR-50929,2025-11-13,2025-12-09,32,228,1,B,Organic Search,Mobile
USR-50930,2025-09-08,2025-11-30,8,22,0,B,Direct,Desktop
USR-50931,2025-11-22,2026-01-04,4,26,0,A,Referral,Desktop
USR-50932,2025-07-09,2025-08-13,14,59,0,B,Paid Search,Mobile
USR-50933,2025-12-27,2025-12-28,2,13,0,B,Organic Search,Desktop
USR-50934,2025-10-27,2026-01-07,10,35,0,A,Organic Search,Desktop
USR-50935,2025-12-10,2025-12-11,6,34,0,A,Organic Search,Mobile
USR-50936,2025-07-10,2025-08-06,12,77,1,B,Email,Desktop
USR-50937,2025-12-19,2026-01-09,3,9,0,A,Organic Search,Mobile
USR-50938,2025-08-02,2025-08-30,3,19,0,A,Organic Search,Desktop
USR-50939,2025-08-19,2025-09-15,7,29,1,A,Social,Mobile
USR-50940,2025-08-18,2025-10-21,12,85,1,A,Organic Search,Mobile
USR-50941,2025-08-02,2025-09-07,4,27,1,B,Social,Mobile
USR-50942,2025-11-10,2026-01-07,3,28,0,A,Direct,Desktop
USR-50943,2025-10-03,2026-01-10,11,52,0,A,Social,Mobile
USR-50944,2025-10-20,2025-10-30,16,38,1,B,Email,Tablet
USR-50945,2025-10-11,2025-12-16,5,25,0,B,Email,Desktop
USR-50946,2025-10-14,2025-11-18,11,74,1,B,Organic Search,Tablet
USR-50947,2025-08-29,2025-11-05,8,47,0,B,Direct,Tablet
USR-50948,2025-07-26,2025-11-21,7,33,0,B,Social,Mobile
USR-50949,2025-08-28,2025-09-14,6,34,0,B,Social,Mobile
USR-50950,2025-09-21,2025-12-23,8,41,0,A,Email,Desktop
USR-50951,2025-11-26,2025-12-10,40,285,1,A,Organic Search,Mobile
USR-50952,2025-07-24,2025-09-30,1,6,0,A,Referral,Mobile
USR-50953,2025-12-16,2026-01-07,3,20,0,B,Social,Desktop
USR-50954,2025-11-02,2025-12-14,5,13,0,B,Direct,Mobile
USR-50955,2025-08-20,2025-09-14,9,41,0,B,Direct,Desktop
USR-50956,2025-12-23,2026-01-03,4,22,0,B,Organic Search,Mobile
USR-50957,2025-07-06,2025-10-08,5,20,0,A,Paid Search,Mobile
USR-50958,2025-08-10,2025-08-16,62,382,1,A,Organic Search,Desktop
USR-50959,2025-08-02,2025-08-19,7,52,1,B,Email,Mobile
USR-50960,2025-10-07,2025-10-13,4,15,0,B,Organic Search,Mobile
USR-50961,2025-11-13,2026-01-03,8,57,0,A,Organic Search,Desktop
USR-50962,2025-07-24,2025-10-05,2,18,0,B,Direct,Mobile
USR-50963,2025-08-15,2025-11-23,9,62,1,B,Organic Search,Tablet
USR-50964,2025-07-26,2025-10-05,9,68,0,B,Organic Search,Desktop
USR-50965,2025-07-09,2025-10-04,4,16,0,A,Email,Mobile
USR-50966,2025-07-21,2025-08-17,3,15,0,B,Organic Search,Desktop
USR-50967,2025-12-12,2025-12-18,6,25,0,A,Direct,Tablet
USR-50968,2025-10-19,2025-10-26,5,32,0,B,Paid Search,Mobile
USR-50969,2025-11-15,2025-12-07,6,22,0,B,Paid Search,Mobile
USR-50970,2025-07-05,2025-10-22,5,15,0,B,Paid Search,Desktop
USR-50971,2025-12-22,2026-01-07,15,86,1,B,Email,Mobile
USR-50972,2025-07-31,2025-11-11,4,26,0,B,Social,Mobile
USR-50973,2025-08-15,2025-09-23,9,59,0,B,Email,Desktop
USR-50974,2025-12-17,2026-01-13,19,150,0,A,Paid Search,Desktop
USR-50975,2025-11-06,2026-01-09,2,4,0,A,Direct,Desktop
USR-50976,2025-07-16,2025-10-27,7,56,0,A,Organic Search,Mobile
USR-50977,2025-07-21,2025-08-25,2,15,1,A,Paid Search,Mobile
USR-50978,2025-10-24,2026-01-06,6,21,1,A,Organic Search,Desktop
USR-50979,2025-12-21,2025-12-26,34,256,1,B,Organic Search,Mobile
USR-50980,2025-08-15,2025-12-04,39,207,1,A,Email,Desktop
USR-50981,2025-12-13,2025-12-30,11,38,0,B,Email,Desktop
USR-50982,2025-11-19,2025-12-09,3,19,1,B,Social,Mobile
USR-50983,2025-09-06,2025-12-09,5,6,0,B,Organic Search,Desktop
USR-50984,2025-09-28,2025-12-15,28,147,1,B,Email,Mobile
USR-50985,2025-08-05,2025-10-04,12,47,1,B,Paid Search,Mobile
USR-50986,2025-09-26,2025-12-10,2,18,0,B,Social,Desktop
USR-50987,2025-08-20,2025-12-14,6,30,1,B,Email,Desktop
USR-50988,2025-07-28,2025-09-08,8,25,1,B,Paid Search,Desktop
USR-50989,2025-08-06,2025-10-14,17,115,0,A,Email,Desktop
USR-50990,2025-09-16,2025-10-15,6,33,1,A,Organic Search,Desktop
USR-50991,2025-08-29,2025-11-19,14,83,0,B,Paid Search,Mobile
USR-50992,2025-10-03,2025-11-11,4,28,0,B,Referral,Mobile
USR-50993,2025-07-25,2025-10-16,16,78,0,A,Direct,Desktop
USR-50994,2025-07-21,2025-07-21,2,5,0,B,Social,Mobile
USR-50995,2025-07-02,2025-09-24,10,77,0,B,Organic Search,Desktop
USR-50996,2025-09-20,2025-09-25,5,26,0,A,Social,Tablet
USR-50997,2025-08-09,2025-08-20,10,77,1,B,Organic Search,Mobile
USR-50998,2025-09-23,2025-10-27,3,13,0,B,Social,Tablet
USR-50999,2025-11-01,2025-12-21,5,36,0,A,Social,Mobile
USR-51000,2025-07-22,2025-08-20,3,8,0,A,Direct,Mobile
